latitude,longitude,Total Water Column (m),Temperature (C),pH,ODO (mg/L)
25.91273133,-80.13782033,3.17,29.39999962,8.2,3.03
25.91273075,-80.13782004,3.16,29.39999962,8.2,3.03
25.9127303,-80.13781959,3.16,29.39999962,8.2,3.03
25.91273134,-80.13782011,3.13,29.39999962,8.2,3.03
25.91273404,-80.13782063,3.13,29.39999962,8.2,3.03
25.91273769,-80.13782197,3.04,29.39999962,8.2,3.03
25.91274127,-80.13782354,3.03,29.39999962,8.2,3.03
25.91274622,-80.13782563,2.99,29.39999962,8.2,3.03
25.9127504,-80.13782634,3,29.39999962,8.2,3.03
25.91275515,-80.13782607,3.05,29.39999962,8.21,3.04
25.91275951,-80.13782567,3.1,29.39999962,8.21,3.04
25.91276347,-80.13782427,3.18,29.29999924,8.2,3.04
25.91276799,-80.13782129,3.37,29.29999924,8.19,3.04
25.9127722,-80.13781815,3.5,29.29999924,8.19,3.04
25.91277567,-80.13781514,3.64,29.29999924,8.2,3.04
25.91277958,-80.13781115,3.56,29.29999924,8.2,3.04
25.91278227,-80.13780706,3.6,29.29999924,8.2,3.04
25.91278481,-80.13780291,3.7,29.29999924,8.2,3.04
25.91278675,-80.1377982,3.69,29.29999924,8.2,3.04
25.91278877,-80.1377937,3.69,29.20000076,8.2,3.04
25.9127901,-80.13778892,3.67,29.20000076,8.2,3.02
25.91279088,-80.13778319,3.64,29.20000076,8.2,3.02
25.91279156,-80.13777776,3.64,29.20000076,8.2,3.02
25.9127913,-80.137772,3.66,29.20000076,8.19,3.02
25.91279079,-80.13776579,3.55,29.20000076,8.19,3.02
25.91278973,-80.13775908,3.55,29.20000076,8.19,3.01
25.912788,-80.13775251,3.56,29.20000076,8.19,3.01
25.91278554,-80.13774575,3.52,29.20000076,8.19,3.01
25.91278286,-80.13773791,3.49,29.10000038,8.19,3
25.91278032,-80.13773124,3.48,29.10000038,8.18,2.96
25.9127771,-80.13772492,3.48,29.10000038,8.18,2.94
25.91277349,-80.13771817,3.48,29.10000038,8.18,2.93
25.91276993,-80.13771191,3.47,29.10000038,8.18,2.93
25.912766,-80.13770513,3.49,29.10000038,8.18,2.91
25.91276244,-80.13769972,3.49,29.10000038,8.18,2.85
25.91275864,-80.13769325,3.49,29.10000038,8.18,2.85
25.91275516,-80.1376876,3.49,29.10000038,8.18,2.83
25.91275163,-80.13768169,3.48,29.10000038,8.17,2.78
25.91274824,-80.13767563,3.49,29.10000038,8.17,2.78
25.91274444,-80.13766998,3.48,29.10000038,8.18,2.75
25.91274077,-80.13766368,3.48,29,8.18,2.7
25.9127381,-80.13765842,3.47,29,8.18,2.7
25.91273564,-80.13765246,3.44,29,8.17,2.67
25.91273325,-80.13764644,3.43,29,8.17,2.65
25.91273095,-80.13764016,3.38,29,8.18,2.59
25.91272877,-80.13763429,3.33,29,8.18,2.59
25.91272701,-80.13762907,3.3,29,8.18,2.58
25.9127254,-80.13762315,3.28,29,8.17,2.53
25.91272364,-80.13761766,3.25,29,8.17,2.53
25.9127222,-80.13761195,3.25,29,8.17,2.52
25.91272109,-80.1376052,3.22,29,8.17,2.5
25.91272019,-80.13759943,3.17,29,8.18,2.47
25.91271927,-80.13759455,3.13,29,8.18,2.47
25.9127192,-80.13758866,3.1,29,8.18,2.46
25.91271884,-80.13758311,3.06,29,8.17,2.43
25.91271829,-80.13757737,3.04,29,8.17,2.43
25.91271748,-80.13757236,3.02,29,8.17,2.42
25.91271614,-80.13756778,2.99,29,8.18,2.42
25.9127155,-80.13756268,2.97,29,8.18,2.42
25.91271468,-80.13755713,2.96,29,8.18,2.42
25.91271323,-80.13755222,2.9,28.89999962,8.19,2.43
25.9127117,-80.13754749,2.82,28.89999962,8.18,2.43
25.91271003,-80.13754305,2.76,29,8.18,2.46
25.91270844,-80.13753714,2.66,29,8.18,2.46
25.9127071,-80.13753181,2.57,28.89999962,8.19,2.48
25.91270517,-80.13752756,2.52,29,8.19,2.52
25.91270232,-80.13752226,2.44,29,8.19,2.52
25.91270005,-80.13751799,2.43,28.89999962,8.19,2.54
25.91269754,-80.13751368,2.36,29,8.19,2.58
25.91269467,-80.13750967,2.31,29,8.19,2.58
25.9126917,-80.13750565,2.28,29,8.19,2.6
25.91268853,-80.13750088,2.27,29,8.19,2.62
25.91268539,-80.13749721,2.24,29,8.19,2.65
25.912682,-80.13749363,2.27,29,8.19,2.65
25.91267777,-80.13749091,2.26,29,8.19,2.68
25.91267359,-80.13748772,2.25,29,8.19,2.68
25.91266936,-80.13748466,2.26,29,8.19,2.7
25.91266479,-80.13748278,2.27,28.89999962,8.19,2.72
25.91266134,-80.13747812,2.32,28.89999962,8.19,2.72
25.91265685,-80.13747537,2.29,28.89999962,8.19,2.73
25.91265429,-80.13747014,2.31,28.89999962,8.19,2.76
25.91265162,-80.13746448,2.38,28.89999962,8.19,2.77
25.91264886,-80.1374587,2.39,28.89999962,8.19,2.77
25.91264399,-80.13745861,2.46,28.89999962,8.19,2.78
25.91263739,-80.13745695,2.53,28.89999962,8.19,2.81
25.91263293,-80.1374548,2.6,28.89999962,8.19,2.81
25.91262875,-80.13745123,2.62,28.89999962,8.19,2.82
25.91262433,-80.1374505,2.66,28.89999962,8.2,2.84
25.91262033,-80.1374495,2.74,28.89999962,8.2,2.84
25.91261633,-80.137449,2.76,28.89999962,8.19,2.85
25.9126125,-80.13745033,2.81,28.89999962,8.19,2.86
25.91260833,-80.13745383,2.86,28.89999962,8.19,2.86
25.91260433,-80.13745583,2.88,28.89999962,8.19,2.89
25.91260017,-80.13745783,2.98,28.89999962,8.19,2.91
25.91259551,-80.13745743,3.04,28.89999962,8.19,2.91
25.91259183,-80.13745667,3.09,28.89999962,8.19,2.91
25.91258783,-80.137458,3.12,28.89999962,8.19,2.93
25.91258298,-80.13746014,3.16,28.89999962,8.19,2.93
25.91257885,-80.13746248,3.21,29,8.19,2.93
25.91257538,-80.13746384,3.26,29,8.19,2.93
25.91257148,-80.13746385,3.32,28.89999962,8.19,2.93
25.91256755,-80.13746334,3.32,28.89999962,8.19,2.92
25.91256338,-80.13746235,3.34,29,8.19,2.93
25.91255904,-80.13746203,3.38,29,8.19,2.93
25.91255429,-80.13746241,3.41,29,8.19,2.93
25.91255027,-80.13746361,3.42,29,8.19,2.94
25.91254627,-80.13746414,3.44,28.89999962,8.19,2.95
25.91254231,-80.13746477,3.48,28.89999962,8.19,2.96
25.91253798,-80.13746678,3.47,29,8.19,2.96
25.91253326,-80.13746839,3.49,28.89999962,8.19,2.96
25.91252909,-80.13746976,3.5,28.89999962,8.19,2.95
25.91252515,-80.13747182,3.48,28.89999962,8.19,2.95
25.91252122,-80.13747164,3.58,28.89999962,8.18,2.93
25.91251676,-80.13747345,3.61,28.89999962,8.19,2.92
25.9125128,-80.13747569,3.62,28.89999962,8.18,2.9
25.91250903,-80.13747781,3.63,28.89999962,8.18,2.89
25.91250525,-80.13748032,3.67,28.89999962,8.18,2.87
25.91250172,-80.13748266,3.67,28.89999962,8.18,2.85
25.91249732,-80.13748617,3.67,28.89999962,8.18,2.83
25.91249315,-80.13748901,3.69,28.89999962,8.18,2.81
25.91248922,-80.13749115,3.72,28.89999962,8.18,2.79
25.91248514,-80.13749252,3.74,28.89999962,8.17,2.77
25.91248147,-80.13749534,3.72,28.89999962,8.18,2.76
25.91247724,-80.13749852,3.74,28.89999962,8.18,2.73
25.91247291,-80.13750119,3.78,28.89999962,8.18,2.72
25.91246879,-80.13750206,3.81,28.89999962,8.18,2.7
25.91246446,-80.13750341,3.83,28.89999962,8.18,2.68
25.91246039,-80.13750437,3.86,28.89999962,8.17,2.66
25.91245577,-80.13750728,3.85,28.89999962,8.18,2.65
25.91245139,-80.13751031,3.86,28.89999962,8.18,2.64
25.91244727,-80.13751386,3.87,28.89999962,8.18,2.62
25.91244398,-80.13751634,3.9,28.89999962,8.18,2.61
25.91244066,-80.13751886,3.88,28.89999962,8.17,2.59
25.91243719,-80.13752157,3.88,28.89999962,8.18,2.59
25.91243307,-80.13752429,3.91,28.89999962,8.18,2.57
25.91242965,-80.13752733,3.91,28.89999962,8.18,2.57
25.91242632,-80.13753045,3.87,28.89999962,8.18,2.56
25.91242308,-80.13753327,3.87,28.89999962,8.18,2.55
25.91242004,-80.13753639,3.86,28.89999962,8.18,2.55
25.91241749,-80.13753918,3.86,28.89999962,8.18,2.55
25.91241467,-80.13754235,3.88,28.89999962,8.18,2.55
25.91241158,-80.13754564,3.86,28.89999962,8.19,2.55
25.91240907,-80.13754885,3.84,28.89999962,8.18,2.55
25.91240653,-80.13755156,3.84,28.89999962,8.18,2.56
25.91240419,-80.13755523,3.82,28.89999962,8.18,2.56
25.91240179,-80.1375583,3.8,28.89999962,8.19,2.56
25.91239846,-80.13756212,3.79,28.89999962,8.19,2.57
25.91239573,-80.13756492,3.79,28.89999962,8.19,2.58
25.91239333,-80.13756833,3.77,28.89999962,8.19,2.59
25.91239098,-80.13757167,3.73,28.89999962,8.19,2.6
25.91238858,-80.13757525,3.72,28.89999962,8.19,2.61
25.91238589,-80.13757866,3.71,28.89999962,8.19,2.62
25.91238303,-80.13758168,3.69,28.89999962,8.19,2.63
25.9123806,-80.13758524,3.67,28.89999962,8.19,2.64
25.91237871,-80.13758902,3.63,28.89999962,8.19,2.65
25.91237624,-80.13759264,3.61,28.89999962,8.19,2.66
25.91237365,-80.13759599,3.56,28.89999962,8.19,2.67
25.91237059,-80.13759911,3.51,28.89999962,8.19,2.69
25.91236755,-80.13760169,3.51,28.89999962,8.19,2.71
25.91236425,-80.13760419,3.47,28.89999962,8.19,2.71
25.91236118,-80.1376062,3.45,28.89999962,8.19,2.73
25.91235767,-80.13760796,3.44,28.89999962,8.19,2.75
25.91235364,-80.1376096,3.42,28.89999962,8.2,2.77
25.91234961,-80.13761118,3.42,28.89999962,8.2,2.78
25.91234583,-80.13761227,3.4,28.89999962,8.19,2.79
25.9123414,-80.13761304,3.38,28.89999962,8.19,2.81
25.91233692,-80.13761362,3.36,28.89999962,8.19,2.82
25.9123326,-80.13761417,3.35,28.89999962,8.2,2.84
25.91232795,-80.13761393,3.33,28.89999962,8.2,2.86
25.91232345,-80.13761386,3.32,28.89999962,8.2,2.88
25.91231861,-80.13761349,3.29,28.89999962,8.19,2.88
25.91231396,-80.13761289,3.27,28.89999962,8.2,2.89
25.91230943,-80.13761218,3.28,28.89999962,8.2,2.91
25.91230428,-80.13761115,3.3,28.89999962,8.2,2.91
25.91229948,-80.13760972,3.29,28.89999962,8.2,2.93
25.91229529,-80.13760896,3.25,28.89999962,8.2,2.93
25.91229075,-80.13760752,3.23,28.89999962,8.2,2.95
25.91228563,-80.13760577,3.24,28.89999962,8.19,2.95
25.91228077,-80.13760412,3.23,28.89999962,8.2,2.96
25.91227611,-80.13760263,3.22,28.89999962,8.2,2.97
25.91227163,-80.13760104,3.2,28.89999962,8.2,2.98
25.91226673,-80.13759952,3.21,28.89999962,8.2,2.99
25.91226191,-80.13759823,3.22,28.89999962,8.2,2.99
25.91225756,-80.13759652,3.22,28.89999962,8.19,3
25.91225361,-80.13759471,3.24,28.89999962,8.2,3.02
25.91224903,-80.13759159,3.23,28.89999962,8.2,3.02
25.91224582,-80.13758893,3.23,28.89999962,8.2,3.02
25.91224252,-80.13758574,3.21,28.89999962,8.2,3.03
25.91223922,-80.13758183,3.21,28.89999962,8.2,3.03
25.91223601,-80.1375775,3.26,28.89999962,8.2,3.02
25.91223286,-80.13757367,3.31,28.89999962,8.2,3.03
25.91222976,-80.13756955,3.35,28.89999962,8.2,3.03
25.91222737,-80.1375657,3.35,28.89999962,8.2,3.04
25.9122246,-80.1375619,3.36,28.89999962,8.2,3.04
25.91222185,-80.13755743,3.39,28.89999962,8.2,3.04
25.9122192,-80.13755315,3.4,28.89999962,8.2,3.04
25.91221667,-80.1375487,3.4,28.89999962,8.2,3.03
25.91221425,-80.13754457,3.45,28.89999962,8.2,3.04
25.91221187,-80.13754041,3.45,28.89999962,8.2,3.03
25.91220953,-80.13753497,3.46,28.89999962,8.2,3.02
25.91220774,-80.13752948,3.5,28.89999962,8.2,3.02
25.91220604,-80.13752475,3.52,28.89999962,8.2,3.03
25.91220408,-80.13751913,3.54,28.89999962,8.2,3.02
25.91220262,-80.13751408,3.55,28.89999962,8.19,3.01
25.91220091,-80.13750925,3.56,28.89999962,8.2,3.01
25.91219925,-80.13750405,3.58,28.89999962,8.2,3.01
25.91219773,-80.13749891,3.62,28.89999962,8.2,3.01
25.91219605,-80.13749352,3.64,28.89999962,8.2,3.01
25.91219388,-80.13748812,3.67,28.89999962,8.2,3.01
25.91219259,-80.13748298,3.68,28.89999962,8.2,3.01
25.91219073,-80.13747711,3.68,28.89999962,8.19,3.01
25.91218891,-80.13747208,3.72,28.89999962,8.2,3
25.91218755,-80.13746686,3.75,28.89999962,8.2,3
25.91218613,-80.13746184,3.77,28.89999962,8.2,3
25.91218448,-80.13745718,3.8,28.89999962,8.19,3
25.91218352,-80.13745237,3.83,28.89999962,8.19,3
25.91218172,-80.13744692,3.85,28.89999962,8.19,3
25.91218036,-80.1374415,3.86,28.89999962,8.19,2.97
25.91217918,-80.13743662,3.89,28.89999962,8.19,2.97
25.91217815,-80.13743174,3.9,28.89999962,8.18,2.96
25.91217716,-80.13742654,3.92,28.89999962,8.18,2.92
25.91217583,-80.1374211,3.94,28.89999962,8.18,2.92
25.91217495,-80.13741522,3.94,28.89999962,8.19,2.87
25.91217417,-80.13740993,3.95,28.89999962,8.19,2.87
25.91217302,-80.13740479,3.97,28.89999962,8.19,2.87
25.91217209,-80.13739944,4.01,28.89999962,8.18,2.84
25.91217145,-80.13739385,4.02,28.89999962,8.18,2.84
25.91217089,-80.13738794,4.01,28.89999962,8.19,2.82
25.91216978,-80.13738289,4,28.89999962,8.19,2.79
25.91216919,-80.13737799,4.01,28.89999962,8.19,2.79
25.91216865,-80.13737306,4.05,28.89999962,8.18,2.77
25.91216804,-80.13736767,4.14,28.79999924,8.19,2.75
25.91216742,-80.1373627,4.13,28.79999924,8.19,2.75
25.91216721,-80.13735723,4.1,28.79999924,8.19,2.75
25.91216719,-80.13735181,4.08,28.79999924,8.19,2.74
25.91216754,-80.13734685,4.09,28.79999924,8.19,2.74
25.91216755,-80.13734201,4.08,28.79999924,8.19,2.73
25.91216749,-80.13733669,4.07,28.79999924,8.19,2.73
25.91216754,-80.13733172,4.08,28.79999924,8.19,2.73
25.91216804,-80.13732594,4.04,28.79999924,8.19,2.73
25.91216808,-80.1373207,4.06,28.79999924,8.19,2.72
25.91216796,-80.13731615,4.04,28.79999924,8.19,2.72
25.91216727,-80.13731037,4.05,28.79999924,8.19,2.72
25.91216681,-80.13730409,4.02,28.79999924,8.19,2.7
25.91216556,-80.13729847,4.04,28.79999924,8.19,2.7
25.91216486,-80.13729433,3.98,28.79999924,8.19,2.7
25.91216418,-80.13728893,4,28.79999924,8.19,2.71
25.91216334,-80.13728298,3.99,28.79999924,8.19,2.71
25.91216214,-80.1372778,3.98,28.79999924,8.2,2.71
25.91216106,-80.13727196,3.96,28.79999924,8.2,2.72
25.91216058,-80.13726658,3.94,28.79999924,8.2,2.72
25.91216005,-80.13726161,3.92,28.79999924,8.19,2.73
25.91215942,-80.13725592,3.96,28.79999924,8.2,2.74
25.91215859,-80.13725083,4.02,28.79999924,8.2,2.74
25.91215756,-80.13724541,3.92,28.79999924,8.2,2.74
25.9121565,-80.13724022,3.91,28.79999924,8.19,2.77
25.91215539,-80.13723511,3.87,28.79999924,8.2,2.78
25.91215424,-80.13722972,3.9,28.79999924,8.2,2.78
25.91215329,-80.13722395,3.84,28.79999924,8.2,2.8
25.91215211,-80.1372184,3.81,28.79999924,8.19,2.82
25.91215078,-80.13721297,3.82,28.79999924,8.19,2.82
25.91214933,-80.13720841,3.8,28.79999924,8.2,2.83
25.91214781,-80.13720373,3.77,28.79999924,8.2,2.85
25.91214647,-80.13719915,3.75,28.79999924,8.2,2.85
25.91214502,-80.13719456,3.72,28.79999924,8.2,2.86
25.91214363,-80.13719035,3.69,28.79999924,8.2,2.88
25.91214187,-80.13718583,3.7,28.79999924,8.19,2.9
25.91214014,-80.13718243,3.68,28.79999924,8.2,2.91
25.91213797,-80.1371786,3.64,28.79999924,8.2,2.91
25.91213537,-80.13717358,3.65,28.79999924,8.2,2.92
25.91213308,-80.13716928,3.63,28.79999924,8.19,2.95
25.91213062,-80.13716574,3.63,28.79999924,8.19,2.95
25.91212794,-80.13716168,3.61,28.79999924,8.19,2.96
25.91212518,-80.13715821,3.59,28.79999924,8.2,2.98
25.91212222,-80.13715437,3.57,28.79999924,8.2,3
25.91211981,-80.13715042,3.57,28.79999924,8.2,3
25.91211744,-80.13714613,3.56,28.79999924,8.2,3.02
25.91211473,-80.13714189,3.55,28.79999924,8.2,3.02
25.91211194,-80.13713802,3.54,28.70000076,8.2,3.03
25.91210905,-80.13713376,3.55,28.70000076,8.2,3.03
25.91210607,-80.13712933,3.53,28.70000076,8.2,3.07
25.91210349,-80.13712496,3.51,28.70000076,8.2,3.07
25.91210112,-80.13712063,3.51,28.70000076,8.2,3.08
25.91209837,-80.13711618,3.49,28.70000076,8.21,3.11
25.91209523,-80.13711231,3.54,28.70000076,8.21,3.12
25.91209255,-80.13710788,3.52,28.70000076,8.2,3.13
25.91208997,-80.13710366,3.53,28.70000076,8.2,3.13
25.91208745,-80.13709908,3.49,28.60000038,8.2,3.13
25.91208529,-80.1370946,3.48,28.60000038,8.2,3.14
25.91208273,-80.13709001,3.47,28.60000038,8.21,3.16
25.91208049,-80.13708597,3.44,28.60000038,8.21,3.18
25.91207763,-80.13708146,3.42,28.60000038,8.2,3.19
25.91207518,-80.13707773,3.41,28.60000038,8.21,3.22
25.91207262,-80.13707442,3.41,28.60000038,8.21,3.22
25.91206996,-80.137071,3.42,28.60000038,8.21,3.22
25.91206717,-80.13706837,3.41,28.60000038,8.2,3.24
25.91206421,-80.13706613,3.39,28.60000038,8.21,3.25
25.91206082,-80.13706368,3.39,28.60000038,8.21,3.25
25.91205706,-80.13706176,3.44,28.60000038,8.2,3.26
25.91205389,-80.13705978,3.45,28.60000038,8.21,3.28
25.9120506,-80.137058,3.47,28.60000038,8.21,3.28
25.91204692,-80.13705668,3.47,28.5,8.2,3.31
25.91204268,-80.13705551,3.5,28.5,8.21,3.32
25.91203873,-80.13705489,3.51,28.5,8.21,3.32
25.91203517,-80.13705417,3.52,28.5,8.21,3.36
25.91203068,-80.13705296,3.53,28.5,8.2,3.36
25.91202701,-80.13705264,3.56,28.5,8.2,3.37
25.91202324,-80.13705267,3.57,28.5,8.21,3.37
25.91201934,-80.13705305,3.59,28.5,8.21,3.38
25.91201521,-80.1370538,3.62,28.5,8.21,3.39
25.91201208,-80.1370544,3.65,28.5,8.21,3.4
25.91200826,-80.13705576,3.67,28.5,8.2,3.41
25.91200423,-80.13705759,3.68,28.5,8.2,3.41
25.91200068,-80.13705885,3.7,28.5,8.21,3.41
25.91199719,-80.13706031,3.71,28.5,8.2,3.41
25.91199341,-80.13706172,3.75,28.5,8.2,3.41
25.91198992,-80.1370631,3.77,28.5,8.19,3.41
25.91198668,-80.13706456,3.8,28.5,8.2,3.4
25.91198302,-80.13706674,3.82,28.5,8.2,3.4
25.91197874,-80.13706938,3.87,28.5,8.2,3.39
25.91197517,-80.13707246,3.89,28.5,8.19,3.38
25.91197156,-80.13707518,3.93,28.5,8.19,3.36
25.91196804,-80.13707787,3.95,28.5,8.2,3.35
25.91196468,-80.13708002,3.95,28.5,8.2,3.36
25.91196088,-80.13708289,3.96,28.5,8.19,3.36
25.91195735,-80.13708506,3.98,28.5,8.2,3.36
25.911954,-80.13708807,3.99,28.5,8.19,3.35
25.91195016,-80.13709139,4.03,28.60000038,8.19,3.34
25.9119459,-80.13709443,4.12,28.60000038,8.2,3.35
25.91194226,-80.13709781,4.17,28.60000038,8.2,3.34
25.9119388,-80.13710104,4.17,28.60000038,8.19,3.34
25.91193516,-80.13710397,4.19,28.60000038,8.19,3.32
25.91193194,-80.13710686,4.2,28.60000038,8.2,3.31
25.91192771,-80.13711019,4.2,28.60000038,8.2,3.32
25.91192398,-80.1371134,4.21,28.60000038,8.19,3.3
25.91192051,-80.13711684,4.26,28.60000038,8.19,3.29
25.91191667,-80.13712029,4.24,28.60000038,8.2,3.27
25.91191302,-80.1371235,4.27,28.60000038,8.19,3.27
25.91190951,-80.13712687,4.33,28.60000038,8.19,3.26
25.91190584,-80.13713057,4.26,28.60000038,8.19,3.26
25.91190184,-80.13713374,4.27,28.60000038,8.19,3.25
25.91189765,-80.13713687,4.29,28.70000076,8.19,3.24
25.91189444,-80.13714007,4.31,28.70000076,8.19,3.24
25.91189078,-80.13714337,4.37,28.70000076,8.19,3.22
25.91188705,-80.13714672,4.34,28.70000076,8.19,3.19
25.91188355,-80.13714956,4.29,28.70000076,8.19,3.19
25.91188022,-80.137153,4.3,28.70000076,8.19,3.17
25.91187631,-80.13715661,4.34,28.70000076,8.2,3.16
25.91187247,-80.1371599,4.32,28.70000076,8.2,3.16
25.91186879,-80.13716287,4.31,28.70000076,8.19,3.16
25.91186538,-80.13716568,4.29,28.70000076,8.2,3.14
25.91186208,-80.13716857,4.3,28.70000076,8.2,3.12
25.91185806,-80.13717148,4.32,28.70000076,8.2,3.12
25.9118547,-80.13717423,4.32,28.70000076,8.2,3.12
25.91185079,-80.13717723,4.28,28.70000076,8.2,3.1
25.91184683,-80.13717981,4.34,28.70000076,8.2,3.1
25.9118433,-80.13718238,4.28,28.70000076,8.2,3.11
25.91183938,-80.13718514,4.3,28.70000076,8.2,3.08
25.91183551,-80.137188,4.28,28.70000076,8.2,3.08
25.91183186,-80.13719104,4.24,28.70000076,8.2,3.08
25.91182799,-80.13719506,4.2,28.70000076,8.2,3.08
25.91182548,-80.13719815,4.13,28.70000076,8.2,3.08
25.91182238,-80.13720211,4.19,28.70000076,8.2,3.08
25.91181952,-80.13720597,4.2,28.70000076,8.2,3.06
25.91181689,-80.13720928,4.21,28.70000076,8.2,3.06
25.91181378,-80.13721331,4.21,28.70000076,8.2,3.06
25.9118107,-80.13721666,4.2,28.70000076,8.2,3.05
25.91180772,-80.13722052,4.2,28.70000076,8.2,3.05
25.91180499,-80.13722425,4.14,28.70000076,8.2,3.04
25.91180226,-80.13722825,4.11,28.70000076,8.2,3.02
25.91179925,-80.13723298,4.11,28.70000076,8.2,3.02
25.91179683,-80.13723689,4.07,28.70000076,8.2,3.01
25.91179428,-80.13724136,4.01,28.70000076,8.2,3
25.91179168,-80.13724509,4.01,28.70000076,8.2,3
25.91178896,-80.1372493,3.99,28.70000076,8.2,2.99
25.91178666,-80.13725323,3.97,28.70000076,8.2,2.99
25.91178436,-80.13725725,3.96,28.70000076,8.2,2.98
25.91178151,-80.13726151,3.93,28.70000076,8.2,2.98
25.9117788,-80.13726577,3.87,28.70000076,8.2,2.97
25.91177636,-80.13726945,3.86,28.70000076,8.2,2.96
25.91177398,-80.13727342,3.83,28.70000076,8.2,2.96
25.91177098,-80.13727759,3.81,28.70000076,8.21,2.94
25.91176757,-80.13728189,3.78,28.70000076,8.2,2.94
25.91176411,-80.13728554,3.8,28.70000076,8.2,2.94
25.91176117,-80.13728914,3.76,28.70000076,8.2,2.93
25.91175787,-80.1372929,3.75,28.70000076,8.2,2.91
25.91175436,-80.13729623,3.71,28.70000076,8.2,2.91
25.91175062,-80.13729992,3.68,28.70000076,8.2,2.91
25.91174695,-80.13730351,3.63,28.70000076,8.2,2.91
25.9117432,-80.13730744,3.58,28.70000076,8.2,2.91
25.91174004,-80.13731101,3.54,28.70000076,8.2,2.91
25.91173609,-80.13731526,3.55,28.70000076,8.2,2.91
25.91173216,-80.1373194,3.52,28.70000076,8.21,2.92
25.91172891,-80.13732301,3.43,28.70000076,8.21,2.92
25.91172587,-80.1373269,3.43,28.79999924,8.21,2.93
25.91172271,-80.13733066,3.38,28.79999924,8.21,2.93
25.91171893,-80.13733454,3.34,28.79999924,8.21,2.93
25.91171567,-80.13733786,3.3,28.79999924,8.2,2.94
25.91171222,-80.13734126,3.26,28.79999924,8.2,2.95
25.91170773,-80.13734524,3.25,28.79999924,8.2,2.95
25.9117038,-80.13734867,3.2,28.79999924,8.21,2.96
25.91170017,-80.13735213,3.12,28.79999924,8.2,2.98
25.91169651,-80.13735532,3.04,28.79999924,8.2,2.98
25.91169325,-80.13735804,2.95,28.79999924,8.2,2.99
25.91168903,-80.13736093,2.78,28.79999924,8.21,3.01
25.91168499,-80.13736404,2.63,28.79999924,8.22,3.02
25.91168159,-80.13736678,2.44,28.79999924,8.22,3.02
25.91167756,-80.13736893,2.21,28.79999924,8.21,3.04
25.91167344,-80.13737122,2.04,28.79999924,8.21,3.07
25.91166936,-80.13737255,1.98,28.79999924,8.21,3.07
25.91166468,-80.13737345,1.86,28.79999924,8.21,3.09
25.91165987,-80.13737384,1.77,28.79999924,8.21,3.12
25.91165577,-80.13737421,1.7,28.79999924,8.21,3.12
25.91165142,-80.13737391,1.66,28.79999924,8.22,3.14
25.91164678,-80.13737357,1.58,28.79999924,8.21,3.16
25.91164218,-80.13737322,1.6,28.79999924,8.21,3.21
25.91163734,-80.13737262,1.52,28.79999924,8.21,3.21
25.91163237,-80.13737135,1.51,28.79999924,8.21,3.22
25.91162771,-80.13737025,1.51,28.79999924,8.21,3.23
25.9116231,-80.13736896,1.5,28.79999924,8.21,3.23
25.91161844,-80.13736743,1.54,28.79999924,8.22,3.25
25.91161349,-80.13736533,1.49,28.79999924,8.21,3.27
25.91160885,-80.13736358,1.43,28.79999924,8.21,3.27
25.9116042,-80.13736174,1.43,28.89999962,8.21,3.28
25.91159966,-80.1373593,1.49,28.79999924,8.21,3.29
25.91159558,-80.13735734,1.48,28.89999962,8.21,3.31
25.91159142,-80.13735522,1.46,28.89999962,8.21,3.31
25.9115872,-80.13735225,1.52,28.79999924,8.21,3.3
25.91158217,-80.13735017,1.6,28.89999962,8.21,3.32
25.91157867,-80.13734667,1.66,28.89999962,8.21,3.32
25.91157492,-80.13734249,1.74,28.89999962,8.21,3.31
25.9115717,-80.13733843,1.9,28.79999924,8.21,3.31
25.91156973,-80.13733243,1.97,28.89999962,8.21,3.3
25.9115671,-80.13732767,2.07,28.89999962,8.21,3.32
25.91156445,-80.13732281,2.14,28.89999962,8.22,3.31
25.91156176,-80.13731807,2.32,28.89999962,8.21,3.3
25.91155894,-80.13731357,2.53,28.89999962,8.21,3.29
25.91155629,-80.13730807,2.64,28.89999962,8.21,3.28
25.91155394,-80.13730277,2.83,28.89999962,8.21,3.29
25.91155164,-80.13729762,2.97,28.89999962,8.21,3.29
25.91154969,-80.13729313,3.07,28.89999962,8.22,3.28
25.91154786,-80.13728793,3.12,28.89999962,8.21,3.29
25.91154569,-80.13728221,3.21,28.89999962,8.21,3.29
25.91154407,-80.13727672,3.24,28.89999962,8.2,3.29
25.91154278,-80.13727122,3.29,28.89999962,8.21,3.28
25.91154127,-80.13726571,3.35,28.89999962,8.21,3.29
25.91153994,-80.13726055,3.36,28.89999962,8.21,3.29
25.91153865,-80.13725521,3.4,28.89999962,8.21,3.28
25.91153749,-80.13724986,3.46,28.89999962,8.21,3.28
25.91153614,-80.13724452,3.51,28.89999962,8.2,3.28
25.91153498,-80.13723919,3.54,28.89999962,8.21,3.28
25.91153395,-80.13723348,3.57,28.89999962,8.21,3.27
25.91153302,-80.1372278,3.6,28.89999962,8.21,3.26
25.91153212,-80.13722252,3.62,28.89999962,8.21,3.26
25.9115317,-80.13721695,3.69,28.89999962,8.2,3.25
25.91153091,-80.13721161,3.73,28.89999962,8.21,3.24
25.91153029,-80.13720653,3.76,28.89999962,8.21,3.23
25.91152997,-80.13720087,3.79,28.89999962,8.21,3.23
25.91152964,-80.13719531,3.85,28.89999962,8.2,3.22
25.91152882,-80.1371907,3.84,28.89999962,8.2,3.21
25.91152818,-80.13718553,3.89,28.89999962,8.21,3.19
25.9115277,-80.13718051,3.93,28.79999924,8.21,3.18
25.91152738,-80.13717502,3.91,28.79999924,8.21,3.17
25.9115268,-80.13716903,3.86,28.79999924,8.2,3.16
25.91152638,-80.13716424,3.91,28.79999924,8.2,3.16
25.91152652,-80.13715915,3.98,28.79999924,8.21,3.14
25.91152679,-80.13715459,4.03,28.79999924,8.21,3.13
25.91152754,-80.13714962,4.04,28.79999924,8.21,3.13
25.91152802,-80.13714458,4.07,28.79999924,8.21,3.11
25.91152844,-80.13713979,4.11,28.79999924,8.2,3.09
25.91152919,-80.13713384,4.15,28.79999924,8.2,3.09
25.91152948,-80.13712907,4.15,28.79999924,8.21,3.08
25.91152986,-80.1371235,4.15,28.79999924,8.21,3.07
25.91153077,-80.13711806,4.19,28.79999924,8.2,3.07
25.91153145,-80.13711258,4.18,28.79999924,8.2,3.06
25.91153195,-80.13710739,4.21,28.79999924,8.2,3.05
25.91153245,-80.13710267,4.25,28.79999924,8.2,3.03
25.91153334,-80.1370972,4.26,28.79999924,8.2,3.03
25.9115345,-80.13709216,4.26,28.79999924,8.2,3.02
25.91153574,-80.13708665,4.3,28.79999924,8.2,3.01
25.91153657,-80.13708165,4.33,28.79999924,8.2,3.01
25.91153752,-80.13707702,4.36,28.79999924,8.2,3
25.91153871,-80.13707128,4.37,28.79999924,8.2,2.98
25.91154001,-80.13706593,4.35,28.79999924,8.2,2.98
25.91154127,-80.13706033,4.36,28.79999924,8.2,2.97
25.91154268,-80.13705509,4.39,28.79999924,8.2,2.96
25.91154405,-80.1370503,4.4,28.79999924,8.2,2.97
25.91154568,-80.13704493,4.44,28.79999924,8.2,2.97
25.91154727,-80.13704038,4.42,28.79999924,8.2,2.95
25.9115487,-80.13703575,4.42,28.79999924,8.2,2.93
25.91155057,-80.13703095,4.48,28.79999924,8.2,2.93
25.91155284,-80.1370262,4.53,28.79999924,8.2,2.92
25.91155466,-80.13702176,4.48,28.79999924,8.2,2.91
25.91155661,-80.13701749,4.4,28.79999924,8.2,2.91
25.91155911,-80.13701298,4.5,28.79999924,8.2,2.9
25.91156114,-80.13700873,4.48,28.79999924,8.2,2.89
25.91156362,-80.13700433,4.45,28.79999924,8.2,2.88
25.91156619,-80.13700053,4.48,28.79999924,8.2,2.88
25.91156905,-80.13699639,4.52,28.79999924,8.2,2.87
25.91157155,-80.13699265,4.49,28.79999924,8.2,2.87
25.91157438,-80.13698923,4.49,28.79999924,8.2,2.87
25.91157736,-80.13698501,4.48,28.79999924,8.2,2.87
25.9115807,-80.13698094,4.48,28.79999924,8.2,2.86
25.91158362,-80.13697708,4.5,28.79999924,8.2,2.86
25.91158653,-80.13697324,4.49,28.79999924,8.2,2.86
25.91158894,-80.13697038,4.46,28.79999924,8.2,2.85
25.91159269,-80.13696616,4.48,28.79999924,8.2,2.85
25.91159579,-80.1369624,4.47,28.79999924,8.2,2.85
25.91159924,-80.13695838,4.46,28.79999924,8.2,2.84
25.91160292,-80.13695425,4.48,28.79999924,8.2,2.84
25.91160596,-80.1369503,4.48,28.79999924,8.2,2.85
25.91160903,-80.13694671,4.48,28.70000076,8.21,2.84
25.91161227,-80.1369432,4.46,28.70000076,8.21,2.85
25.91161581,-80.13693993,4.43,28.70000076,8.2,2.86
25.91161955,-80.13693672,4.43,28.70000076,8.2,2.86
25.91162299,-80.13693404,4.44,28.70000076,8.21,2.88
25.91162639,-80.13693182,4.44,28.70000076,8.21,2.88
25.91163027,-80.13692921,4.41,28.70000076,8.2,2.88
25.91163388,-80.1369269,4.38,28.70000076,8.2,2.89
25.91163776,-80.13692466,4.38,28.70000076,8.2,2.89
25.91164202,-80.13692247,4.35,28.70000076,8.2,2.89
25.91164581,-80.13692056,4.34,28.70000076,8.2,2.89
25.91164962,-80.13691937,4.34,28.70000076,8.2,2.89
25.91165352,-80.13691792,4.32,28.70000076,8.2,2.89
25.91165762,-80.13691633,4.3,28.70000076,8.21,2.9
25.91166178,-80.13691485,4.28,28.70000076,8.21,2.9
25.91166612,-80.13691365,4.26,28.70000076,8.21,2.9
25.91167006,-80.13691245,4.23,28.70000076,8.21,2.91
25.91167397,-80.13691118,4.22,28.70000076,8.21,2.92
25.91167852,-80.13691009,4.23,28.70000076,8.21,2.91
25.91168243,-80.1369088,4.21,28.70000076,8.21,2.91
25.91168709,-80.13690734,4.17,28.70000076,8.21,2.93
25.91169126,-80.13690647,4.14,28.70000076,8.21,2.93
25.91169562,-80.1369055,4.13,28.70000076,8.21,2.93
25.91169983,-80.13690454,4.13,28.70000076,8.2,2.95
25.91170432,-80.13690384,4.14,28.70000076,8.2,2.98
25.91170938,-80.13690294,4.11,28.70000076,8.2,2.98
25.91171337,-80.13690278,4.07,28.70000076,8.2,2.99
25.91171785,-80.1369019,4.04,28.70000076,8.21,3
25.91172195,-80.13690102,4.07,28.70000076,8.21,3
25.91172737,-80.13689981,4.06,28.70000076,8.21,3
25.91173147,-80.13689875,4.02,28.70000076,8.21,3.01
25.91173558,-80.13689812,3.99,28.70000076,8.21,3.03
25.91173982,-80.13689819,3.97,28.70000076,8.22,3.06
25.91174433,-80.13689842,3.98,28.70000076,8.21,3.06
25.91174807,-80.13689932,3.93,28.70000076,8.21,3.07
25.91175177,-80.1369003,3.95,28.70000076,8.21,3.07
25.91175561,-80.13690172,3.94,28.70000076,8.21,3.08
25.91176052,-80.13690302,3.93,28.70000076,8.22,3.1
25.91176439,-80.1369045,3.91,28.70000076,8.22,3.1
25.91176843,-80.13690568,3.93,28.70000076,8.21,3.1
25.91177194,-80.1369066,3.94,28.70000076,8.21,3.13
25.91177639,-80.13690739,3.9,28.70000076,8.21,3.13
25.91178065,-80.13690833,3.89,28.70000076,8.21,3.13
25.91178468,-80.13690957,3.87,28.70000076,8.21,3.14
25.91178875,-80.13691112,3.85,28.70000076,8.21,3.14
25.91179303,-80.13691298,3.84,28.70000076,8.2,3.15
25.91179708,-80.1369147,3.83,28.70000076,8.21,3.15
25.91180109,-80.13691634,3.82,28.70000076,8.21,3.15
25.91180556,-80.13691857,3.82,28.70000076,8.21,3.15
25.91180903,-80.13692078,3.82,28.70000076,8.2,3.17
25.91181248,-80.13692343,3.83,28.70000076,8.2,3.17
25.91181697,-80.13692621,3.84,28.70000076,8.21,3.17
25.91182068,-80.13692887,3.82,28.70000076,8.21,3.18
25.91182468,-80.13693147,3.82,28.70000076,8.2,3.19
25.91182897,-80.13693382,3.78,28.70000076,8.2,3.19
25.91183338,-80.13693628,3.8,28.70000076,8.2,3.2
25.91183716,-80.13693826,3.79,28.70000076,8.2,3.21
25.91184079,-80.13694075,3.77,28.70000076,8.2,3.21
25.91184516,-80.13694325,3.77,28.70000076,8.2,3.21
25.91184928,-80.13694548,3.79,28.70000076,8.2,3.22
25.91185247,-80.13694856,3.81,28.70000076,8.2,3.23
25.91185579,-80.13695224,3.83,28.60000038,8.21,3.21
25.91185806,-80.13695617,3.84,28.70000076,8.2,3.22
25.9118604,-80.13696001,3.84,28.60000038,8.2,3.25
25.91186333,-80.13696483,3.84,28.60000038,8.2,3.25
25.91186628,-80.13696934,3.86,28.60000038,8.2,3.25
25.91186867,-80.13697317,3.89,28.60000038,8.2,3.26
25.9118709,-80.13697835,3.9,28.60000038,8.2,3.26
25.91187309,-80.13698293,3.92,28.60000038,8.2,3.27
25.91187492,-80.13698759,3.93,28.60000038,8.2,3.27
25.91187667,-80.1369915,3.92,28.60000038,8.2,3.27
25.91187817,-80.13699667,3.95,28.60000038,8.2,3.26
25.91188059,-80.13700173,3.94,28.60000038,8.2,3.26
25.9118824,-80.13700641,3.96,28.60000038,8.19,3.27
25.91188368,-80.13701119,3.98,28.60000038,8.2,3.27
25.9118852,-80.13701576,3.99,28.60000038,8.2,3.26
25.9118867,-80.13702119,3.99,28.60000038,8.2,3.26
25.91188765,-80.13702552,4.01,28.60000038,8.2,3.26
25.91188849,-80.13703087,4.02,28.60000038,8.2,3.25
25.91188949,-80.13703595,4.08,28.60000038,8.2,3.25
25.91189048,-80.13704111,4.07,28.60000038,8.19,3.23
25.91189096,-80.1370462,4.08,28.60000038,8.19,3.23
25.91189209,-80.13705095,4.12,28.60000038,8.19,3.23
25.91189315,-80.13705658,4.12,28.60000038,8.2,3.22
25.91189408,-80.13706124,4.13,28.60000038,8.19,3.22
25.91189436,-80.13706604,4.18,28.60000038,8.19,3.22
25.91189452,-80.13707159,4.18,28.60000038,8.19,3.21
25.9118945,-80.13707645,4.17,28.60000038,8.19,3.19
25.91189465,-80.13708056,4.21,28.60000038,8.19,3.17
25.91189416,-80.1370858,4.21,28.60000038,8.19,3.15
25.91189415,-80.13709065,4.23,28.60000038,8.19,3.14
25.91189413,-80.13709578,4.24,28.60000038,8.19,3.13
25.91189398,-80.13710064,4.27,28.60000038,8.19,3.11
25.91189383,-80.1371056,4.27,28.60000038,8.19,3.1
25.91189353,-80.13711056,4.28,28.60000038,8.19,3.08
25.91189352,-80.1371154,4.27,28.60000038,8.19,3.07
25.9118939,-80.13712072,4.27,28.60000038,8.19,3.06
25.91189412,-80.13712556,4.29,28.60000038,8.19,3.04
25.91189444,-80.13713006,4.32,28.60000038,8.19,3.04
25.91189443,-80.13713488,4.32,28.60000038,8.19,3.03
25.9118946,-80.13714004,4.3,28.60000038,8.19,3.02
25.91189509,-80.1371447,4.25,28.60000038,8.19,3.01
25.91189547,-80.13714989,4.28,28.60000038,8.18,2.99
25.91189551,-80.13715505,4.29,28.60000038,8.18,2.98
25.91189562,-80.13716016,4.32,28.60000038,8.18,2.96
25.91189578,-80.1371651,4.34,28.60000038,8.18,2.94
25.91189628,-80.13717011,4.29,28.60000038,8.19,2.94
25.91189628,-80.13717474,4.31,28.60000038,8.18,2.92
25.91189657,-80.13717992,4.32,28.60000038,8.18,2.9
25.91189675,-80.13718512,4.32,28.60000038,8.19,2.87
25.91189712,-80.1371901,4.29,28.60000038,8.19,2.85
25.91189741,-80.13719423,4.3,28.60000038,8.18,2.84
25.91189755,-80.13719951,4.28,28.60000038,8.18,2.84
25.91189774,-80.13720431,4.25,28.60000038,8.18,2.83
25.9118982,-80.13720873,4.2,28.60000038,8.19,2.82
25.91189836,-80.13721355,4.2,28.60000038,8.18,2.81
25.91189851,-80.13721896,4.21,28.60000038,8.18,2.8
25.91189873,-80.13722404,4.18,28.60000038,8.19,2.79
25.91189876,-80.1372288,4.14,28.60000038,8.19,2.78
25.91189899,-80.13723406,4.11,28.60000038,8.19,2.77
25.91189937,-80.13723956,4.14,28.60000038,8.18,2.76
25.91189995,-80.1372448,4.15,28.60000038,8.18,2.74
25.91190044,-80.13724981,4.11,28.60000038,8.19,2.73
25.91190107,-80.13725457,4.04,28.60000038,8.19,2.72
25.91190174,-80.1372594,4.01,28.60000038,8.19,2.72
25.91190238,-80.1372642,4,28.60000038,8.18,2.72
25.91190306,-80.13726919,3.99,28.60000038,8.18,2.72
25.91190388,-80.13727404,3.98,28.60000038,8.19,2.72
25.91190462,-80.137279,3.97,28.60000038,8.19,2.72
25.91190529,-80.137284,3.98,28.60000038,8.19,2.72
25.91190604,-80.1372892,3.94,28.60000038,8.18,2.72
25.91190673,-80.1372935,3.92,28.60000038,8.19,2.72
25.91190796,-80.13729887,3.89,28.60000038,8.19,2.72
25.911909,-80.13730369,3.84,28.60000038,8.19,2.73
25.91191022,-80.13730813,3.82,28.60000038,8.19,2.73
25.9119115,-80.13731269,3.82,28.60000038,8.19,2.73
25.91191267,-80.1373172,3.8,28.60000038,8.19,2.73
25.91191384,-80.13732152,3.78,28.60000038,8.19,2.73
25.91191518,-80.13732611,3.79,28.60000038,8.2,2.74
25.91191676,-80.13733159,3.73,28.60000038,8.19,2.75
25.91191829,-80.13733662,3.71,28.60000038,8.19,2.75
25.91191978,-80.13734118,3.69,28.60000038,8.2,2.77
25.91192153,-80.13734622,3.7,28.60000038,8.2,2.79
25.91192341,-80.13735113,3.67,28.60000038,8.2,2.79
25.91192486,-80.13735582,3.65,28.60000038,8.2,2.8
25.91192671,-80.1373603,3.63,28.60000038,8.2,2.82
25.91192851,-80.13736551,3.61,28.70000076,8.2,2.84
25.91193008,-80.13737009,3.57,28.70000076,8.2,2.84
25.91193179,-80.13737431,3.56,28.70000076,8.2,2.85
25.91193402,-80.13737845,3.54,28.70000076,8.2,2.88
25.9119367,-80.13738312,3.53,28.70000076,8.2,2.88
25.91193912,-80.13738695,3.53,28.70000076,8.2,2.89
25.91194162,-80.13739059,3.5,28.70000076,8.2,2.91
25.91194444,-80.13739422,3.47,28.70000076,8.2,2.91
25.91194778,-80.13739778,3.46,28.70000076,8.2,2.92
25.91195115,-80.13740135,3.43,28.70000076,8.2,2.93
25.91195457,-80.13740513,3.41,28.70000076,8.2,2.93
25.91195743,-80.13740815,3.4,28.70000076,8.2,2.94
25.9119608,-80.13741135,3.38,28.70000076,8.2,2.94
25.91196462,-80.13741457,3.35,28.70000076,8.2,2.96
25.91196845,-80.13741799,3.34,28.70000076,8.2,2.96
25.91197193,-80.13742118,3.32,28.70000076,8.2,2.96
25.91197565,-80.13742395,3.33,28.70000076,8.2,2.97
25.91197932,-80.13742654,3.32,28.70000076,8.2,2.97
25.9119829,-80.13742908,3.28,28.70000076,8.2,2.99
25.9119864,-80.13743172,3.29,28.70000076,8.2,3
25.91199093,-80.13743493,3.27,28.70000076,8.2,3
25.91199393,-80.13743747,3.26,28.70000076,8.2,3
25.91199782,-80.13744003,3.25,28.70000076,8.21,3.03
25.91200177,-80.13744318,3.25,28.70000076,8.21,3.03
25.91200559,-80.13744582,3.24,28.70000076,8.2,3.04
25.91200951,-80.13744787,3.22,28.70000076,8.2,3.03
25.91201332,-80.13744939,3.25,28.70000076,8.2,3.03
25.91201743,-80.13745065,3.25,28.70000076,8.2,3.04
25.91202163,-80.13745127,3.24,28.70000076,8.2,3.06
25.91202566,-80.13745159,3.2,28.70000076,8.2,3.06
25.91202961,-80.1374512,3.31,28.70000076,8.2,3.06
25.91203437,-80.13745071,3.31,28.70000076,8.2,3.06
25.91203924,-80.13745018,3.31,28.70000076,8.2,3.06
25.91204303,-80.13744925,3.34,28.70000076,8.2,3.06
25.91204771,-80.13744824,3.35,28.70000076,8.2,3.08
25.91205184,-80.13744725,3.35,28.70000076,8.2,3.08
25.91205655,-80.1374458,3.36,28.70000076,8.2,3.09
25.9120615,-80.1374446,3.37,28.70000076,8.2,3.09
25.91206622,-80.13744349,3.4,28.70000076,8.19,3.11
25.91207089,-80.13744247,3.46,28.70000076,8.19,3.11
25.91207555,-80.13744089,3.47,28.70000076,8.19,3.1
25.91208058,-80.13743955,3.48,28.70000076,8.2,3.14
25.91208527,-80.13743794,3.5,28.70000076,8.2,3.14
25.91208967,-80.13743608,3.52,28.70000076,8.2,3.15
25.91209418,-80.13743444,3.58,28.70000076,8.19,3.15
25.91209837,-80.13743257,3.59,28.70000076,8.19,3.15
25.91210236,-80.1374303,3.63,28.70000076,8.19,3.15
25.91210662,-80.13742798,3.63,28.70000076,8.2,3.14
25.91211051,-80.13742542,3.61,28.70000076,8.19,3.13
25.91211494,-80.13742281,3.69,28.70000076,8.19,3.13
25.91211906,-80.13741977,3.69,28.70000076,8.19,3.13
25.91212284,-80.13741704,3.7,28.70000076,8.19,3.13
25.91212656,-80.13741468,3.72,28.70000076,8.19,3.14
25.91213092,-80.13741151,3.76,28.70000076,8.19,3.13
25.91213467,-80.13740861,3.8,28.70000076,8.19,3.13
25.91213816,-80.13740537,3.81,28.70000076,8.19,3.13
25.91214203,-80.13740204,3.84,28.70000076,8.19,3.12
25.91214557,-80.13739879,3.82,28.70000076,8.19,3.12
25.91214941,-80.1373954,3.86,28.70000076,8.19,3.11
25.91215319,-80.13739209,3.93,28.70000076,8.19,3.1
25.9121571,-80.13738843,3.94,28.70000076,8.19,3.1
25.91216033,-80.13738495,3.94,28.70000076,8.19,3.1
25.91216305,-80.1373819,3.98,28.70000076,8.18,3.09
25.91216649,-80.13737797,3.98,28.70000076,8.18,3.09
25.91216992,-80.1373742,4.03,28.70000076,8.18,3.08
25.91217294,-80.13737047,4.01,28.70000076,8.19,3.07
25.91217618,-80.13736653,3.99,28.70000076,8.19,3.07
25.91217925,-80.13736193,4.02,28.70000076,8.19,3.06
25.91218189,-80.13735857,4.08,28.70000076,8.18,3.04
25.91218454,-80.13735516,4.07,28.70000076,8.18,3.04
25.91218811,-80.13735052,4.07,28.70000076,8.18,3.03
25.91219096,-80.13734699,4.06,28.70000076,8.19,3
25.91219416,-80.13734276,4.06,28.70000076,8.18,2.97
25.91219715,-80.13733932,4.05,28.70000076,8.18,2.97
25.91219982,-80.13733629,4.05,28.70000076,8.18,2.95
25.91220255,-80.13733346,4.05,28.70000076,8.18,2.94
25.9122059,-80.13733083,4.05,28.70000076,8.18,2.93
25.91220978,-80.13732755,4.03,28.70000076,8.18,2.89
25.91221304,-80.13732504,4.01,28.70000076,8.18,2.89
25.91221643,-80.13732263,3.99,28.70000076,8.18,2.88
25.9122202,-80.13731994,3.89,28.60000038,8.18,2.85
25.91222365,-80.13731765,3.92,28.60000038,8.18,2.85
25.91222685,-80.13731545,3.94,28.60000038,8.17,2.83
25.91223027,-80.13731391,3.93,28.60000038,8.17,2.82
25.9122338,-80.13731178,3.9,28.60000038,8.18,2.81
25.91223727,-80.13730975,3.88,28.60000038,8.18,2.81
25.91224066,-80.13730774,3.86,28.60000038,8.17,2.8
25.91224445,-80.13730514,3.85,28.60000038,8.17,2.77
25.9122485,-80.13730278,3.83,28.60000038,8.17,2.77
25.91225099,-80.13730206,3.8,28.60000038,8.18,2.75
25.91225412,-80.137301,3.77,28.60000038,8.18,2.75
25.91225731,-80.13730042,3.76,28.60000038,8.18,2.75
25.91226033,-80.13729967,3.75,28.60000038,8.17,2.75
25.91226317,-80.13729933,3.73,28.60000038,8.18,2.74
25.912267,-80.137298,3.73,28.60000038,8.18,2.74
25.91227113,-80.13729625,3.7,28.60000038,8.18,2.73
25.91227481,-80.13729475,3.66,28.60000038,8.18,2.75
25.912278,-80.137294,3.63,28.60000038,8.18,2.75
25.91228183,-80.137293,3.62,28.60000038,8.18,2.75
25.91228597,-80.13729137,3.6,28.60000038,8.18,2.75
25.91228991,-80.13728974,3.57,28.60000038,8.18,2.75
25.91229408,-80.13728774,3.55,28.60000038,8.18,2.75
25.91229767,-80.13728633,3.52,28.60000038,8.18,2.76
25.91230282,-80.13728404,3.52,28.60000038,8.18,2.76
25.91230675,-80.13728224,3.48,28.60000038,8.18,2.76
25.91231026,-80.13728043,3.46,28.60000038,8.18,2.76
25.91231469,-80.13727839,3.46,28.60000038,8.18,2.76
25.91231889,-80.13727688,3.45,28.60000038,8.18,2.77
25.91232442,-80.13727481,3.42,28.60000038,8.18,2.79
25.91232768,-80.13727477,3.39,28.60000038,8.18,2.79
25.91233187,-80.13727499,3.35,28.60000038,8.18,2.8
25.91233609,-80.13727565,3.34,28.5,8.18,2.79
25.91234031,-80.13727621,3.38,28.5,8.18,2.81
25.91234436,-80.13727705,3.34,28.60000038,8.19,2.82
25.91235187,-80.13727857,3.29,28.60000038,8.19,2.83
25.91235678,-80.13728109,3.29,28.5,8.18,2.83
25.91236091,-80.13728235,3.26,28.5,8.18,2.85
25.91236575,-80.13728332,3.24,28.5,8.19,2.86
25.91236996,-80.13728455,3.23,28.5,8.18,2.85
25.91237412,-80.13728604,3.19,28.5,8.19,2.88
25.91237822,-80.1372873,3.19,28.5,8.18,2.88
25.91238221,-80.13728897,3.15,28.5,8.18,2.89
25.91238563,-80.13729162,3.15,28.5,8.18,2.89
25.91238988,-80.13729364,3.13,28.5,8.18,2.91
25.91239405,-80.13729517,3.12,28.5,8.18,2.92
25.91239949,-80.13729599,3.1,28.5,8.18,2.92
25.91240497,-80.13729735,3.07,28.5,8.18,2.93
25.91241004,-80.13729869,3.05,28.5,8.18,2.94
25.91241379,-80.13730127,3.04,28.5,8.18,2.95
25.91241779,-80.13730378,3.03,28.5,8.18,2.95
25.91242184,-80.13730662,3.04,28.5,8.18,2.97
25.91242364,-80.13731117,3.1,28.5,8.18,2.96
25.91242613,-80.13731532,3.12,28.5,8.18,2.95
25.91242897,-80.13731968,3.16,28.5,8.18,2.96
25.91243201,-80.13732469,3.2,28.5,8.18,2.96
25.91243498,-80.13732921,3.2,28.5,8.18,2.96
25.91243769,-80.13733289,3.21,28.5,8.18,2.97
25.91244044,-80.13733642,3.23,28.5,8.18,2.97
25.91244258,-80.13734129,3.25,28.5,8.18,2.96
25.91244536,-80.13734565,3.28,28.39999962,8.17,2.96
25.91244771,-80.13735051,3.28,28.39999962,8.17,2.95
25.91244915,-80.13735515,3.34,28.39999962,8.17,2.95
25.91245049,-80.13735999,3.35,28.39999962,8.17,2.93
25.91245227,-80.13736535,3.37,28.39999962,8.18,2.94
25.91245368,-80.13737017,3.4,28.5,8.17,2.93
25.91245514,-80.13737542,3.43,28.5,8.17,2.92
25.9124565,-80.13738043,3.42,28.5,8.17,2.91
25.9124576,-80.13738553,3.45,28.5,8.18,2.89
25.91245876,-80.13739046,3.45,28.5,8.18,2.89
25.91246005,-80.13739598,3.48,28.5,8.17,2.87
25.91246174,-80.13740102,3.5,28.5,8.17,2.86
25.91246305,-80.13740544,3.52,28.5,8.18,2.85
25.91246371,-80.13740999,3.54,28.5,8.18,2.83
25.91246486,-80.13741402,3.55,28.5,8.18,2.83
25.91246521,-80.13741993,3.56,28.5,8.17,2.82
25.91246589,-80.13742498,3.57,28.5,8.18,2.8
25.91246651,-80.13742985,3.58,28.5,8.18,2.8
25.91246668,-80.13743478,3.59,28.5,8.18,2.8
25.91246696,-80.13743976,3.59,28.5,8.18,2.79
25.91246685,-80.13744565,3.62,28.5,8.18,2.79
25.91246687,-80.13745118,3.66,28.5,8.18,2.79
25.91246744,-80.13745646,3.69,28.5,8.18,2.78
25.91246786,-80.13746085,3.68,28.5,8.18,2.78
25.91246847,-80.13746657,3.7,28.5,8.18,2.76
25.91246844,-80.13747143,3.7,28.5,8.18,2.76
25.91246894,-80.13747679,3.71,28.5,8.18,2.77
25.91246906,-80.13748147,3.72,28.5,8.18,2.77
25.91246942,-80.13748652,3.74,28.5,8.18,2.77
25.91247028,-80.13749113,3.76,28.5,8.18,2.76
25.91247072,-80.13749577,3.75,28.5,8.18,2.77
25.91247124,-80.13750058,3.77,28.5,8.18,2.77
25.9124721,-80.13750556,3.77,28.5,8.18,2.76
25.9124725,-80.13751035,3.77,28.5,8.18,2.76
25.91247325,-80.13751564,3.75,28.5,8.18,2.76
25.91247418,-80.13752012,3.76,28.5,8.17,2.76
25.91247469,-80.13752436,3.77,28.5,8.18,2.77
25.91247563,-80.13752818,3.78,28.5,8.18,2.76
25.91247597,-80.13753345,3.8,28.5,8.18,2.76
25.91247656,-80.13753896,3.81,28.5,8.18,2.76
25.91247704,-80.13754352,3.82,28.5,8.18,2.76
25.91247761,-80.13754816,3.75,28.5,8.18,2.76
25.91247811,-80.1375529,3.7,28.5,8.18,2.75
25.91247826,-80.13755851,3.77,28.5,8.17,2.76
25.91247811,-80.13756351,3.79,28.5,8.17,2.77
25.91247824,-80.13756891,3.77,28.5,8.17,2.77
25.91247845,-80.1375744,3.77,28.5,8.18,2.8
25.9124788,-80.13757948,3.75,28.5,8.17,2.81
25.91247917,-80.13758422,3.77,28.5,8.17,2.81
25.91247955,-80.13758897,3.76,28.5,8.17,2.82
25.91248007,-80.13759403,3.74,28.5,8.17,2.83
25.91248065,-80.13759924,3.71,28.5,8.17,2.83
25.91248111,-80.1376044,3.69,28.5,8.17,2.85
25.91248178,-80.13760901,3.69,28.5,8.17,2.85
25.91248217,-80.13761398,3.68,28.5,8.17,2.85
25.91248297,-80.13761858,3.66,28.5,8.17,2.86
25.91248415,-80.13762321,3.63,28.5,8.17,2.86
25.91248534,-80.13762709,3.62,28.5,8.17,2.86
25.91248641,-80.13763198,3.62,28.5,8.17,2.87
25.91248743,-80.13763656,3.58,28.5,8.17,2.87
25.91248855,-80.13764107,3.57,28.5,8.17,2.88
25.91248981,-80.1376464,3.54,28.5,8.17,2.87
25.91249109,-80.13765163,3.51,28.5,8.17,2.87
25.9124929,-80.13765619,3.5,28.5,8.17,2.88
25.91249438,-80.13766038,3.48,28.5,8.17,2.88
25.91249582,-80.13766521,3.44,28.5,8.18,2.88
25.91249712,-80.13766974,3.38,28.5,8.18,2.88
25.91249877,-80.13767439,3.36,28.5,8.18,2.87
25.91250068,-80.13767901,3.32,28.5,8.18,2.87
25.91250213,-80.1376837,3.29,28.5,8.18,2.87
25.91250382,-80.13768905,3.27,28.5,8.18,2.87
25.91250561,-80.13769336,3.22,28.5,8.18,2.89
25.9125075,-80.13769821,3.2,28.5,8.18,2.89
25.91250937,-80.1377026,3.17,28.5,8.18,2.9
25.91251192,-80.13770681,3.12,28.5,8.18,2.91
25.91251459,-80.13771066,3.08,28.5,8.18,2.91
25.91251727,-80.13771447,3.11,28.5,8.18,2.91
25.91252009,-80.13771812,3.07,28.5,8.18,2.91
25.91252309,-80.13772156,3.01,28.60000038,8.18,2.92
25.91252654,-80.13772509,3.05,28.60000038,8.18,2.92
25.91253055,-80.13772966,3.03,28.60000038,8.18,2.92
25.91253413,-80.13773333,2.97,28.60000038,8.19,2.93
25.91253718,-80.13773658,2.94,28.60000038,8.19,2.93
25.91254112,-80.13774057,2.94,28.60000038,8.18,2.93
25.91254461,-80.13774434,2.92,28.5,8.18,2.93
25.91254826,-80.13774748,2.87,28.5,8.18,2.93
25.91255254,-80.1377513,2.88,28.60000038,8.19,2.95
25.9125563,-80.13775446,2.85,28.60000038,8.19,2.95
25.91255985,-80.13775818,2.83,28.60000038,8.19,2.95
25.9125637,-80.13776201,2.8,28.60000038,8.19,2.95
25.91256813,-80.13776554,2.76,28.60000038,8.19,2.95
25.91257242,-80.13776836,2.76,28.60000038,8.19,2.95
25.91257672,-80.13777122,2.74,28.60000038,8.19,2.96
25.91258091,-80.13777449,2.73,28.60000038,8.19,2.96
25.91258499,-80.13777796,2.71,28.60000038,8.19,2.97
25.91258947,-80.13778092,2.67,28.60000038,8.19,2.97
25.91259407,-80.13778366,2.64,28.60000038,8.19,2.97
25.91259852,-80.13778772,2.63,28.60000038,8.19,2.97
25.91260307,-80.13779191,2.64,28.60000038,8.19,2.97
25.91260676,-80.13779571,2.59,28.60000038,8.19,2.98
25.91261063,-80.13779876,2.56,28.60000038,8.19,2.98
25.91261474,-80.1378022,2.54,28.60000038,8.19,3
25.91261895,-80.13780542,2.55,28.60000038,8.19,2.99
25.91262373,-80.13780776,2.49,28.60000038,8.19,2.99
25.91262848,-80.13781018,2.46,28.60000038,8.19,2.99
25.91263253,-80.13781281,2.38,28.60000038,8.19,3
25.91263796,-80.13781593,2.45,28.60000038,8.19,3
25.91264204,-80.13781915,2.4,28.60000038,8.19,3
25.91264639,-80.13782196,2.4,28.60000038,8.19,2.99
25.91265088,-80.1378247,2.44,28.60000038,8.18,2.99
25.91265545,-80.13782776,2.39,28.60000038,8.18,2.99
25.91266041,-80.13782866,2.42,28.60000038,8.19,2.99
25.9126647,-80.13783083,2.39,28.60000038,8.19,2.98
25.91266924,-80.13783313,2.38,28.70000076,8.19,2.98
25.91267474,-80.13783537,2.36,28.70000076,8.19,2.98
25.91267936,-80.13783725,2.32,28.60000038,8.19,2.98
25.91268369,-80.13784001,2.3,28.60000038,8.19,2.96
25.91268738,-80.13784229,2.21,28.60000038,8.19,2.96
25.91269242,-80.13784427,1.99,28.70000076,8.19,2.95
25.9126964,-80.13784553,2.12,28.70000076,8.19,2.93
25.91270001,-80.13784799,2.22,28.70000076,8.19,2.92
25.91270381,-80.13785047,2.24,28.70000076,8.19,2.92
25.91270767,-80.13785283,2.25,28.60000038,8.19,2.92
25.912711,-80.13785467,2.26,28.60000038,8.19,2.92
25.912714,-80.1378555,2.25,28.60000038,8.19,2.9
25.91271683,-80.13785667,2.22,28.60000038,8.19,2.9
25.91271967,-80.13785833,2.18,28.60000038,8.19,2.9
25.91272282,-80.13785846,2.17,28.60000038,8.19,2.88
25.91272463,-80.13785996,2.21,28.70000076,8.19,2.88
25.91272678,-80.13786095,2.2,28.60000038,8.19,2.89
25.91272893,-80.13786277,2.22,28.60000038,8.19,2.88
25.91273107,-80.13786327,2.27,28.60000038,8.19,2.88
25.91273239,-80.13786559,2.34,28.60000038,8.19,2.88
25.91273405,-80.13786673,2.38,28.60000038,8.19,2.88
25.91273574,-80.13786827,2.45,28.60000038,8.18,2.87
25.91273755,-80.13786858,2.49,28.60000038,8.19,2.86
25.91273873,-80.13786957,2.54,28.60000038,8.19,2.86
25.91273968,-80.13787069,2.63,28.60000038,8.19,2.86
25.912741,-80.13787118,2.67,28.60000038,8.19,2.86
25.91274216,-80.13787268,2.7,28.60000038,8.19,2.86
25.91274365,-80.13787284,2.72,28.60000038,8.19,2.85
25.91274483,-80.13787367,2.73,28.60000038,8.19,2.85
25.91274595,-80.13787433,2.77,28.60000038,8.19,2.84
25.9127471,-80.13787415,2.79,28.60000038,8.19,2.84
25.91274827,-80.13787447,2.79,28.60000038,8.19,2.84
25.91274909,-80.13787497,2.78,28.60000038,8.19,2.83
25.91274993,-80.13787563,2.76,28.60000038,8.19,2.84
25.91275056,-80.13787613,2.75,28.60000038,8.19,2.86
25.91275088,-80.13787746,2.74,28.60000038,8.19,2.86
25.91275147,-80.13787794,2.74,28.60000038,8.19,2.86
25.91275196,-80.13787894,2.7,28.60000038,8.19,2.86
25.9127523,-80.1378796,2.69,28.60000038,8.19,2.86
25.91275278,-80.13787991,2.69,28.60000038,8.19,2.86
25.91275325,-80.13788007,2.58,28.60000038,8.19,2.86
25.91275399,-80.13787976,2.56,28.60000038,8.19,2.84
25.91275481,-80.13787843,2.56,28.60000038,8.19,2.84
25.91275564,-80.1378761,2.57,28.60000038,8.19,2.84
25.91275587,-80.13787655,2.58,28.60000038,8.19,2.85
25.91275638,-80.13787656,2.6,28.60000038,8.2,2.85
25.91275686,-80.1378777,2.59,28.60000038,8.19,2.85
25.91275701,-80.13787787,2.58,28.60000038,8.2,2.85
25.91275749,-80.13787802,2.56,28.60000038,8.2,2.85
25.91275797,-80.13787702,2.56,28.60000038,8.2,2.85
25.91275829,-80.13787702,2.54,28.60000038,8.2,2.84
25.91275883,-80.13787679,2.57,28.60000038,8.2,2.84
25.91275931,-80.13787611,2.56,28.60000038,8.2,2.84
25.91275979,-80.13787627,2.51,28.60000038,8.2,2.84
25.91276045,-80.13787561,2.54,28.60000038,8.2,2.85
25.91276093,-80.13787461,2.52,28.60000038,8.2,2.85
25.91276125,-80.13787393,2.56,28.60000038,8.2,2.84
25.91276107,-80.13787444,2.55,28.60000038,8.2,2.84
25.91276107,-80.13787496,2.56,28.60000038,8.2,2.84
25.91276093,-80.13787392,2.58,28.60000038,8.2,2.84
25.91276057,-80.13787407,2.57,28.60000038,8.2,2.84
25.91276055,-80.13787295,2.58,28.60000038,8.2,2.84
25.91276054,-80.1378723,2.61,28.60000038,8.2,2.84
25.91276054,-80.13787147,2.58,28.60000038,8.2,2.84
25.91276036,-80.13787047,2.59,28.60000038,8.2,2.83
25.91276017,-80.13786946,2.57,28.60000038,8.2,2.83
25.91276048,-80.13786827,2.56,28.60000038,8.2,2.83
25.91276062,-80.13786688,2.56,28.60000038,8.19,2.83
25.91276077,-80.13786638,2.53,28.60000038,8.19,2.83
25.9127609,-80.1378667,2.54,28.60000038,8.2,2.83
25.91276092,-80.13786721,2.57,28.60000038,8.2,2.82
25.91276146,-80.13786602,2.52,28.60000038,8.2,2.82
25.91276266,-80.13786568,2.69,28.60000038,8.2,2.83
25.91276257,-80.13786369,2.65,28.60000038,8.19,2.82
25.91276259,-80.13786283,2.67,28.60000038,8.19,2.82
25.91276304,-80.13786069,2.71,28.60000038,8.2,2.82
25.91276234,-80.13786012,2.72,28.60000038,8.19,2.82
25.91276218,-80.13785983,2.71,28.60000038,8.19,2.82
25.91276212,-80.13785982,2.72,28.60000038,8.19,2.82
25.91276159,-80.13785963,2.71,28.60000038,8.2,2.81
25.91276108,-80.13785916,2.72,28.60000038,8.2,2.81
25.91276202,-80.13785706,2.75,28.60000038,8.2,2.81
25.91276181,-80.13785656,2.75,28.60000038,8.2,2.81
25.91276095,-80.1378569,2.76,28.60000038,8.2,2.82
25.91276143,-80.13785505,2.75,28.60000038,8.2,2.82
25.91276207,-80.13785325,2.75,28.60000038,8.2,2.82
25.91276192,-80.13785193,2.82,28.60000038,8.2,2.82
25.91276274,-80.13785063,2.83,28.60000038,8.2,2.82
25.91276119,-80.13785181,2.56,28.60000038,8.2,2.82
25.91276136,-80.13785491,2.85,28.60000038,8.2,2.8
25.91276109,-80.13786121,2.09,28.60000038,8.2,2.8
25.91275755,-80.13786423,2.66,28.60000038,8.19,2.8
25.91275666,-80.13786684,2.63,28.60000038,8.19,2.81
25.91275497,-80.13786989,2.63,28.60000038,8.19,2.81
25.91275363,-80.1378724,2.72,28.60000038,8.2,2.81
25.91275345,-80.13787433,2.29,28.60000038,8.19,2.8
25.91275223,-80.13787538,2.4,28.60000038,8.19,2.8
25.91275226,-80.13787499,1.48,28.60000038,8.19,2.81
25.91275475,-80.13787555,1.48,28.60000038,8.2,3.18
25.91275441,-80.13787159,2.59,28.60000038,8.2,2.84
25.91275573,-80.1378751,2.63,28.60000038,8.2,2.84
25.91275731,-80.13787581,2.75,28.60000038,8.19,2.81
25.91276014,-80.13787712,2.68,28.60000038,8.19,2.82
25.91276077,-80.13787968,2.68,28.60000038,8.19,2.82
25.91276014,-80.13788199,2.62,28.60000038,8.19,2.8
25.91275958,-80.13788213,2.64,28.60000038,8.2,2.81
25.91276023,-80.13788156,2.69,28.60000038,8.2,2.81
25.91275992,-80.13788287,2.65,28.60000038,8.2,2.81
